Suburb,Postcode
Abbotsbury,2176
Abbotsford,2046
Acacia Gardens,2763
Airds,2560
Alexandria,2015
Alexandria,1435
Alfords Point,2234
Allambie,2100
Allambie Heights,2100
Allawah,2218
Ambarvale,2560
Annandale,2038
Annangrove,2156
Appin,2560
Arcadia,2159
Arcadia Vale,2283
Arncliffe,2205
Artarmon,2064
Artarmon,1570
Ashbury,2193
Ashcroft,2168
Ashfield,2131
Ashfield,1800
Asquith,2077
Auburn,2144
Auburn,1835
Audley,2232
Austinmer,2515
Austral,2171
Australia Square,1215
Avalon Beach,2107
Avoca Beach,2251
Awaba,2283
Badgerys Creek,2171
Balgowlah,2093
Balgowlah Distribution Centre,2093
Balgownie,2519
Balmain,2041
Balmoral,2283
Balmoral Village,2571
Bangor,2234
Banksia,2216
Banksmeadow,2019
Bankstown,2200
Bankstown,1885
Bankstown North,2200
Bankstown Square,2200
Barden Ridge,2234
Bardwell Park,2207
Bardwell Valley,2207
Bass Hill,2197
Bateau Bay,2261
Baulkham Hills,1755
Baulkham Hills,2153
Bay Village,2261
Bayview,2104
Beacon Hill,2100
Beaconsfield,2014
Beaconsfield,2015
Beaumont Hills,2155
Beecroft,2119
Belfield,2191
Bella Vista,2153
Bellambi,2518
Bellevue Hill,2023
Belmont,2280
Belmore,2192
Belrose,2085
Belrose West,2085
Ben Buckler,2026
Bensville,2251
Berala,2141
Berkeley,2506
Berkeley Vale,2261
Berkshire Park,2765
Berowra,2081
Berowra Heights,2082
Berowra Waters,2082
Berrilee,2159
Beverley Park,2217
Beverly Hills,2209
Bexley,2207
Bexley North,2207
Bexley South,2207
Bidwill,2770
Bilgola,2107
Bilpin,2758
Birchgrove,2041
Birrong,2143
Blackalls Park,2283
Blackett,2770
Blackheath,2785
Blacksmiths,2281
Blacktown,2148
Blacktown Westpoint,2148
Blackwall,2256
Blair Athol,2560
Blairmount,2559
Blakehurst,2221
Blaxcell,2142
Blaxland,2774
Blaxlands Ridge,2758
Blenheim Road,2113
Blue Bay,2261
Blue Haven,2262
Bolton Point,2283
Bondi,2026
Bondi Beach,2026
Bondi Junction,2022
Bondi Junction,1355
Bonnells Bay,2264
Bonnet Bay,2226
Bonnyrigg,2177
Bonnyrigg Heights,2177
Booker Bay,2257
Bossley Park,2176
Botany,2019
Botany,1455
Bow Bowing,2566
Bowen Mountain,2753
Box Hill,2765
Bradbury,2560
Brighton-le-Sands,2216
Brightwaters,2264
Bringelly,2171
Broadway,2007
Bronte,2024
Brooklyn,2083
Brookvale,2100
Budgewoi,2262
Buff Point,2262
Bullaburra,2784
Bulli,2516
Bundeena,2230
Burwood,2134
Burwood,1805
Burwood Heights,2136
Busby,2168
Buttaba,2283
Buxton,2571
Cabramatta,2166
Calga,2250
Cambridge Park,2747
Camden,2570
Camden Park,2570
Camellia,2142
Cammeray,2062
Campbelltown,2560
Camperdown,2050
Camperdown,1450
Campsie,2194
Cams Wharf,2281
Canada Bay,2046
Canley Heights,2166
Canley Vale,2166
Canterbury,2193
Careel Bay,2107
Carey Bay,2283
Caringbah,2229
Caringbah,1495
Carlingford,2118
Carlingford Court,2118
Carlton,2218
Carramar,2163
Carss Park,2221
Cartwright,2168
Castle Cove,2069
Castle Hill,2154
Castle Hill,1765
Castlecrag,2068
Castlereagh,2749
Casula,2170
Casula Mall,2170
Catherine Field,2171
Catherine Hill Bay,2281
Caves Beach,2281
Cawdor,2570
Cecil Hills,2171
Cecil Park,2171
Centennial Park,2021
Central Macdonald,2775
Chain Valley Bay,2259
Charmhaven,2263
Chatswood,2067
Chatswood,2057
Chatswood Dc,2067
Chatswood West,2067
Cheltenham,2119
Cherrybrook,2126
Chester Hill,2162
Chifley,2036
Chippendale,2008
Chipping Norton,2170
Chisholm Centre,2153
Chiswick,2046
Chittaway Bay,2261
Chittaway Point,2261
Chullora,2190
Church Point,2105
Claymore,2559
Clemton Park,2206
Clifton,2515
Clontarf,2093
Clovelly,2031
Clovelly West,2031
Clyde,2142
Coal Point,2283
Coalcliff,2508
Cobbitty,2570
Coledale,2515
Collaroy,2097
Collaroy Beach,2097
Collaroy Plateau,2097
Colyton,2760
Como,2226
Concord,2137
Concord Repatriation Hospital,2139
Concord West,2138
Condell Park,2200
Coniston,2500
Connells Point,2221
Coogee,2034
Cooranbong,2265
Copacabana,2251
Cordeaux Heights,2526
Corrimal,2518
Couridjah,2571
Cowan,2081
Cranebrook,2749
Cremorne,2090
Cremorne Junction,2090
Cringila,2502
Cromer,2099
Cronulla,2230
Croudace Bay,2280
Crows Nest,2065
Crows Nest,1585
Croydon,2132
Croydon Park,2133
Curl Curl,2096
Currans Hill,2567
Daceyville,2032
Daleys Point,2257
Dangar Island,2083
Darkes Forest,2508
Darling Point,2027
Darlinghurst,1300
Darlinghurst,2010
Darlington,2008
Davidson,2085
Davistown,2251
Dawes Point,2000
Dean Park,2761
Dee Why,2099
Denham Court,2565
Denistone,2114
Denistone East,2112
Denistone West,2114
Dharruk,2770
Dolans Bay,2229
Doonside,2767
Dooralong,2259
Dora Creek,2264
Double Bay,2028
Double Bay,1360
Douglas Park,2569
Dover Heights,2030
Doyalson,2262
Drummoyne,1470
Drummoyne,2047
Duffys Forest,2084
Dulwich Hill,2203
Dundas,2117
Dural,2158
Durren Durren,2259
Eagle Vale,2558
Earlwood,2206
East Gosford,2250
East Hills,2213
East Lindfield,2070
East Ryde,2113
Eastern Creek,2766
Eastern Suburbs Mc,2004
Eastgardens,2036
Eastlakes,2018
Eastwood,2122
Edensor Park,2176
Edgecliff,2027
Edmondson Park,2171
Elanora Heights,2101
Elderslie,2570
Elizabeth Bay,2011
Ellis Lane,2570
Elvina Bay,2105
Emerton,2770
Empire Bay,2257
Emu Plains,2750
Enfield,2136
Enfield South,2133
Engadine,2233
Englorie Park,2560
Enmore,2042
Epping,2121
Epping,1710
Eraring,2264
Erina,2250
Erina Fair,2250
Erina Heights,2260
Ermington,2115
Ermington,1700
Erskine Park,2759
Erskineville,2043
Eschol Park,2558
Ettalong Beach,2257
Eveleigh,2015
Fairfield,1860
Fairfield,2165
Fairfield East,2165
Fairfield Heights,2165
Fairfield West,2165
Fairlight,2094
Fairy Meadow,2519
Farmborough Heights,2526
Fassifern,2283
Faulconbridge,2776
Fennell Bay,2283
Fiddletown,2159
Figtree,2525
Fishing Point,2283
Five Dock,2046
Floraville,2280
Forestville,2087
Forresters Beach,2260
Frenchs Forest,2086
Frenchs Forest,1640
Frenchs Forest,1639
Frenchs Forest Dc,2086
Galston,2159
Garden Island,2011
Georges Hall,2198
Gilead,2560
Girraween,2145
Gladesville,2111
Gladesville,1675
Glebe,2037
Glen Alpine,2560
Glenbrook,2773
Glendenning,2761
Glenfield,2167
Glenhaven,2156
Glenmore Park,2745
Glenning Valley,2261
Glenorie,2157
Glenwood,2768
Gordon,2072
Gore Hill,2065
Gorokan,2263
Gosford,2250
Gosford West,2250
Granville,2142
Grasmere,2570
Grays Point,2232
Green Point,2251
Green Valley,2168
Greenacre,2190
Greendale,2745
Greenfield Park,2176
Greenwich,2065
Greystanes,2145
Grose Vale,2753
Grose Wold,2753
Grosvenor Place,1220
Guildford,2161
Guildford West,2161
Gwandalan,2259
Gwynneville,2500
Gymea,2227
Haberfield,2045
Halekulani,2262
Hammondville,2170
Harbord,2096
Harbord West,2096
Hardys Bay,2257
Harrington Park,2567
Harris Park,2150
Hassall Grove,2761
Hawkesbury Heights,2777
Haymarket,2000
Haymarket,1240
Hazelbrook,2779
Heathcote,2233
Hebersham,2770
Heckenberg,2168
Helensburgh,2508
Henley,2111
Hillsdale,2036
Hinchinbrook,2168
Hobartville,2753
Holroyd,2142
Holsworthy,2173
Homebush,2140
Homebush Bay,2127
Horningsea Park,2171
Hornsby,1630
Hornsby,2077
Hornsby Westfield,1635
Horsley Park,2164
Hoxton Park,2171
Hunters Hill,2110
Huntleys Cove,2111
Huntleys Point,2111
Hurlstone Park,2193
Hurstville,2220
Hurstville Bc,1481
Hurstville Westfield,2220
Illawong,2234
Ingleburn,2565
Ingleburn,1890
Ingleside,2101
Jannali,2226
Jewells,2280
Jilliby,2259
Kangaroo Point,2224
Kangy Angy,2258
Kanwal,2259
Kareela,2232
Kariong,2250
Kearns,2558
Keiraville,2500
Kellyville,2155
Kellyville Ridge,2155
Kembla Grange,2526
Kemblawarra,2505
Kemps Creek,2171
Kensington,2033
Kensington,1465
Kenthurst,2156
Kentlyn,2560
Kilaben Bay,2283
Killara,2071
Killarney Heights,2087
Killarney Vale,2261
Killcare,2257
Kincumber,2251
Kings Cross,2011
Kings Cross,1340
Kings Langley,2147
Kings Park,2148
Kingsdene,2118
Kingsford,2032
Kingsgrove,2208
Kingsgrove,1480
Kingsway West,2208
Kingswood,2747
Kirrawee,2232
Kirrawee Dc,2232
Kirribilli,2061
Kogarah,1485
Kogarah,2217
Kogarah Bay,2217
Koolewong,2256
Kulnura,2250
Kurmond,2757
Kurnell,2231
Kurrajong,2758
Kyeemagh,2216
Kyle Bay,2221
La Perouse,2036
Lake Haven,2263
Lake Heights,2502
Lake Munmorah,2259
Lakemba,2195
Lakemba Dc,2195
Lakesland,2572
Lalor Park,2147
Lane Cove,2066
Lane Cove,1595
Lane Cove West,2066
Lansvale,2166
Lapstone,2773
Laughtondale,2775
Lavender Bay,2060
Lawson,2783
Leichhardt,2040
Lemon Tree,2259
Leonay,2750
Leppington,2171
Lethbridge Park,2770
Leumeah,2560
Lewisham,2049
Lidcombe,1825
Lidcombe,2141
Lilli Pilli,2229
Lilyfield,2040
Linden,2778
Lindfield,2070
Lindfield West,2070
Linley Point,2066
Lisarow,2250
Little Bay,2036
Liverpool,2170
Liverpool,1871
Liverpool Bc,2170
Liverpool South,2170
Llandilo,2747
Loftus,2232
Londonderry,2753
Long Jetty,2261
Long Jetty Dc,2261
Long Point,2564
Longueville,2066
Lovett Bay,2105
Lower Hawkesbury,2775
Lower Mangrove,2250
Lucas Heights,2234
Luddenham,2745
Lugarno,2210
Lurnea,2170
Macmasters Beach,2251
Macquarie Centre,2113
Macquarie Fields,2564
Macquarie Links,2565
Macquarie Park,2113
Macquarie University,2109
Maianbar,2230
Malabar,2036
Manahan,2200
Mandalong,2264
Mangerton,2500
Mangrove Mountain,2250
Manly,2095
Manly,1655
Manly Vale,2093
Mannering Park,2259
Maraylya,2765
Marayong,2148
Marks Point,2280
Maroubra,2035
Marrickville,2204
Marrickville,1475
Marrickville Metro,2204
Marrickville South,2204
Marsden Park,2765
Marsfield,2122
Martinsville,2265
Mascot,1460
Mascot,2020
Matcham,2250
Matraville,2036
Mays Hill,2145
Mcmahons Point,2060
Meadowbank,2114
Megalong,2785
Melrose Park,2114
Menai,2234
Menai Central,2234
Menangle,2568
Menangle Park,2563
Merrylands,2160
Merrylands West,2160
Middle Camp,2281
Middle Cove,2068
Miller,2168
Millers Point,2000
Milperra,2214
Milperra Dc,1891
Milsons Passage,2083
Milsons Point,1565
Milsons Point,2061
Minchinbury,2770
Minto,2566
Miranda,2228
Miranda,1490
Mirrabooka,2264
Missenden Road,2050
Model Farms,2153
Mona Vale,2103
Mona Vale,1660
Monash Park,2111
Monterey,2217
Mooney Mooney,2083
Moore Park,1363
Moorebank,1875
Moorebank,2170
Morisset,2264
Mortdale,2223
Mortlake,2137
Mosman,2088
Mount Annan,2567
Mount Colah,2079
Mount Druitt,2770
Mount Hunter,2570
Mount Keira,2500
Mount Kembla,2526
Mount Kuring-Gai,2080
Mount Lewis,2190
Mount Lewis,2200
Mount Ousley,2519
Mount Pleasant,2519
Mount Pritchard,2170
Mount Riverview,2774
Mount Saint Thomas,2500
Mount Vernon,2759
Mount White,2250
Mulgoa,2745
Narara,2250
Narellan,2567
Narellan Dc,2567
Narellan Vale,2567
Naremburn,2065
Narrabeen,2101
Narraweena,2099
Narwee,2209
Nattai,2570
Nelson,2765
Neutral Bay,2089
Neutral Bay Junction,2089
Newington,2127
Newport,2106
Newport Beach,2106
Newtown,2042
Niagara Park,2250
Norah Head,2263
Noraville,2263
Nords Wharf,2281
Normanhurst,2076
North Avoca,2260
North Curl Curl,2099
North Manly,2100
North Parramatta,2151
North Parramatta,1750
North Richmond,2754
North Rocks,2151
North Ryde,2113
North Ryde Bc,1670
North Strathfield,2137
North Sydney,2060
North Sydney,2059
North Sydney Shoppingworld,2060
North Turramurra,2074
Northbridge,1560
Northbridge,2063
Northmead,2152
Northwood,2066
Oakdale,2570
Oakhurst,2761
Oakville,2765
Oatlands,2117
Oatley,2223
Old Guildford,2161
Old Toongabbie,2146
Orangeville,2570
Orchard Hills,2748
Otford,2508
Ourimbah,2258
Oxford Falls,2100
Oxley Park,2760
Oyster Bay,2225
Paddington,2021
Padstow,2211
Pagewood,2035
Palm Beach,2108
Panania,2213
Parklea,2768
Parramatta,2124
Parramatta,2123
Parramatta,2150
Parramatta Dc,2150
Patonga,2256
Patonga Beach,2256
Peakhurst,2210
Peakhurst Dc,2210
Peakhurst Heights,2210
Pearl Beach,2256
Peats Ridge,2250
Pemulwuy,2145
Pendle Hill,2145
Pennant Hills,1715
Pennant Hills,2120
Penrith,2751
Penrith,2750
Penrith Bc,2750
Penrith South Dc,2750
Penshurst,2222
Petersham,2049
Phegans Bay,2256
Phillip Bay,2036
Picnic Point,2213
Picton,2571
Pleasure Point,2171
Plumpton,2761
Point Clare,2250
Point Piper,2027
Port Botany,2036
Port Hacking,2229
Port Kembla,2505
Potts Hill,2143
Potts Point,1335
Potts Point,2011
Prairiewood,2176
Prestons,2170
Prestons Dc,2170
Pretty Beach,2257
Primbee,2502
Prospect,2148
Punchbowl,2196
Putney,2112
Pymble,2073
Pyrmont,2009
Quakers Hill,2763
Queen Victoria Building,1230
Queens Park,2022
Queenscliff,2096
Raby,2566
Ramsgate,2217
Ramsgate Beach,2217
Randwick,2031
Rathmines,2283
Ravensdale,2259
Razorback,2571
Redfern,2016
Regents Park,2143
Regentville,2745
Revesby,2212
Revesby North,2212
Rhodes,2138
Richmond,2755
Richmond,2753
Riverstone,2765
Riverview,2066
Riverwood,2210
Rockdale,2216
Rockdale Dc,2216
Rodd Point,2046
Rooty Hill,2766
Rose Bay,2029
Rose Bay North,2030
Rosebery,2018
Rosebery,1445
Rosehill,2142
Roselands,2196
Rosemeadow,2560
Roseville,2069
Rossmore,2171
Round Corner,2158
Rouse Hill,2155
Royal Exchange,1225
Royal North Shore Hospital,2065
Rozelle,2039
Ruse,2560
Rushcutters Bay,2011
Russell Lea,2046
Russell Vale,2517
Rydalmere,2116
Rydalmere Bc,1701
Ryde,1680
Ryde,2112
Sadleir,2168
San Remo,2262
Sandringham,2219
Sandy Point,2171
Sans Souci,2219
Saratoga,2251
Scarborough,2515
Schofields,2762
Scotland Island,2105
Seaforth,2092
Sefton,2162
Seven Hills,1730
Seven Hills,2147
Seven Hills West,2147
Shalvey,2770
Shanes Park,2747
Shelly Beach,2261
Silverdale,2752
Silverwater,2128
Silverwater,1811
Silverwater,2264
Smithfield,2164
Smithfield West,2164
Somersby,2250
South Coast Mc,2521
South Hurstville,2221
South Turramurra,2074
Southern Suburbs Mc,2215
Spencer,2775
Spit Junction,2088
Springfield,2250
Springwood,2777
St Albans,2775
St Andrews,2566
St Clair,2759
St Helens Park,2560
St Huberts Island,2257
St Ives,2075
St James,2000
St Johns Park,2176
St Leonards,1590
St Leonards,2065
St Marys,2760
St Marys,1790
St Pauls,2031
St Peters,2044
St Peters Dc,2044
Stanhope Gardens,2768
Stanmore,2048
Stanwell Park,2508
Stanwell Tops,2508
Strathfield,2135
Strathfield South,2136
Strathfield West,2140
Strawberry Hills,2012
Summer Hill,2130
Summerland Point,2259
Sunshine,2264
Surry Hills,2010
Sutherland,1499
Sutherland,2232
Swansea,2281
Sydenham,2044
Sydney,2001
Sydney,2000
Sydney Domestic Airport,2020
Sydney International Airport,2020
Sydney Markets,2129
Sydney South,1235
Sydney South,2000
Sylvania,2224
Sylvania Southgate,2224
Sylvania Waters,2224
Tacoma,2259
Tahmoor,2573
Tamarama,2026
Taren Point,2229
Taren Point Dc,2229
Tarrawanna,2518
Tascott,2250
Telopea,2117
Tempe,2044
Tennyson,2754
Tennyson Point,2111
Terrey Hills,2084
Terrigal,2260
The Basin,2108
The Entrance,2261
The Oaks,2570
The Rocks,2000
The University Of Sydney,2006
Thirlmere,2572
Thirroul,2515
Thornleigh,2120
Toongabbie,2146
Toongabbie East,2146
Toowoon Bay,2261
Toronto,2283
Toukley,2263
Towradgi,2518
Tregear,2770
Tuggerah,2259
Tuggerawong,2259
Tumbi Umbi,2261
Turramurra,2074
Turrella,2205
Ultimo,2007
Umina Beach,2257
Unanderra,2526
Undercliffe,2206
University of New South Wales,1466
University of New South Wales,2052
University of Sydney,2006
University Of Wollongong,2522
Valentine,2280
Valley Heights,2777
Varroville,2566
Vaucluse,2030
Villawood,2163
Vineyard,2765
Voyager Point,2171
Wahroonga,2076
Waitara,2077
Wakeley,2176
Wallacia,2745
Wamberal,2260
Wangi Wangi,2267
Wareemba,2046
Warnervale,2259
Warragamba,2752
Warrawee,2074
Warrawong,2502
Warriewood,2102
Warriewood Dc,2102
Warriewood Shopping Square,2102
Warrimoo,2774
Warringah Mall,2100
Warwick Farm,2170
Watanobbi,2259
Waterfall,2233
Waterloo,2017
Waterloo Dc,2017
Watsons Bay,2030
Wattle Grove,2173
Waverley,2024
Waverton,2060
Wedderburn,2560
Wendoree Park,2250
Wentworth Falls,2782
Wentworthville,2145
Werombi,2570
Werrington,2747
Werrington County,2747
Werrington Downs,2747
West Chatswood,1515
West Hoxton,2171
West Pennant Hills,2125
West Pymble,2073
West Ryde,1685
West Ryde,2114
Westgate,2048
Westleigh,2120
Westmead,2145
Wetherill Park,2164
Wetherill Park Dc,1851
Whalan,2770
Whale Beach,2107
Wheeler Heights,2097
Wiley Park,2195
Willmot,2770
Willoughby,2068
Wilton,2571
Wingala,2099
Winmalee,2777
Winston Hills,2153
Wisemans Ferry,2775
Wolli Creek,2205
Wollongong,2520
Wollongong,2500
Wollstonecraft,2065
Wombarra,2515
Woodbine,2560
Woodcroft,2767
Woodford,2778
Woollahra,1350
Woollahra,2025
Woolloomooloo,2011
Woolooware,2230
Woolwich,2110
Woonona,2517
Woronora,2232
Woronora Heights,2233
Woy Woy,2256
Wyee,2259
Wyoming,2250
Wyong,2259
Wyongah,2259
Yagoona,2199
Yagoona West,2199
Yarramalong,2259
Yarramundi,2753
Yarrawarrah,2233
Yarrawonga Park,2264
Yattalunga,2251
Yellow Rock,2777
Yennora,2161
Yowie Bay,2228
Zetland,2017
